,Unnamed: 0,person_id,gt_poi,start,end,x_centroid,y_centroid,gt_labeling,dur
0,378,12_1,*,2021-12-13 10:23:35.667,2021-12-13 10:24:32.974,8.846554379243827,4.798779361352373,1,57.307
1,0,12_1,CS1,2021-12-13 10:24:43.043,2021-12-13 10:26:01.952,3.736628592432711,2.3833802468518543,2,78.909
2,1,12_1,CS2,2021-12-13 10:26:04.023,2021-12-13 10:26:37.943,5.107155655078338,2.0556909157641288,3,33.92
3,2,12_1,CS3,2021-12-13 10:26:39.014,2021-12-13 10:27:05.936,6.04280942524516,2.817772602835522,4,26.922
4,3,12_1,CN2,2021-12-13 10:27:09.007,2021-12-13 10:28:21.989,4.838879158914006,4.551172910240435,5,72.982
5,4,12_1,BS2,2021-12-13 10:28:25.095,2021-12-13 10:28:57.980,4.157737443299378,6.62762541760624,6,32.885
6,5,12_1,BS1,2021-12-13 10:29:00.086,2021-12-13 10:29:42.968,2.615126331402776,6.438265381745957,7,42.882
7,6,12_1,BN1,2021-12-13 10:29:47.074,2021-12-13 10:30:39.954,2.978800201311267,8.41526273698846,8,52.88
8,7,12_1,BN3,2021-12-13 10:30:46.060,2021-12-13 10:31:54.935,5.6666329731126375,8.564658517244553,9,68.875
9,8,12_1,AN3,2021-12-13 10:31:59.041,2021-12-13 10:32:32.926,5.8670705050705445,11.873338152098524,10,33.885
10,9,12_1,AN2,2021-12-13 10:32:41.031,2021-12-13 10:33:18.914,3.564740102246692,12.163565670474656,11,37.883
11,10,12_1,FN3,2021-12-13 10:33:44.015,2021-12-13 10:33:57.905,21.86236723645123,4.452740435821478,12,13.89
12,11,12_1,FN2,2021-12-13 10:34:01.011,2021-12-13 10:35:18.991,19.291439648594665,4.480208414417202,13,77.98
13,12,12_1,FS2,2021-12-13 10:35:26.061,2021-12-13 10:35:49.984,18.696975335131096,2.608083572537856,14,23.923
14,13,12_1,FS1,2021-12-13 10:35:50.055,2021-12-13 10:36:12.978,18.37278508163258,2.72061435297682,15,22.923
15,14,12_1,FS2,2021-12-13 10:36:16.049,2021-12-13 10:36:44.970,19.21748372460637,2.349000159538588,16,28.921
17,16,12_1,ES2,2021-12-13 10:37:02.037,2021-12-13 10:37:22.960,18.94803689148037,6.534456116132163,18,20.923
18,17,12_1,ES3,2021-12-13 10:37:27.031,2021-12-13 10:38:31.943,20.709863620602466,6.607460506486178,19,64.912
20,19,12_1,EN3,2021-12-13 10:38:51.010,2021-12-13 10:39:04.935,21.30712322683912,8.905901470017994,21,13.925
24,205,12_2,EN2,2021-12-13 11:19:44.025,2021-12-13 11:19:54.094,19.84033357059453,8.425811918114045,4,10.069
25,206,12_2,DS4,2021-12-13 11:19:58.022,2021-12-13 11:20:54.900,21.066895950971876,10.835284870393142,5,56.878
26,207,12_2,DS3,2021-12-13 11:20:56.007,2021-12-13 11:21:25.000,19.81736425973437,9.651544246344024,6,28.993
27,208,12_2,DS2,2021-12-13 11:21:27.071,2021-12-13 11:21:43.995,18.684524469404195,9.716456368563572,7,16.924
28,209,12_2,DS1,2021-12-13 11:21:46.066,2021-12-13 11:22:17.987,18.433110855473878,10.599128925062454,8,31.921
30,211,12_2,DN2,2021-12-13 11:22:33.054,2021-12-13 11:24:13.101,20.67075557739664,12.1966832055979,10,100.047
31,212,12_2,AN3,2021-12-13 11:24:28.025,2021-12-13 11:24:48.949,4.55417710004817,11.277781931247215,11,20.924
32,213,12_2,AN2,2021-12-13 11:24:52.019,2021-12-13 11:25:54.932,3.5691167528460763,11.893874228303323,12,62.913
33,214,12_2,AN1,2021-12-13 11:25:56.003,2021-12-13 11:27:05.986,2.3753475849851533,12.653316998518518,13,69.983
34,215,12_2,BN1,2021-12-13 11:27:12.056,2021-12-13 11:27:43.976,2.284104698171997,8.459834353686992,14,31.92
35,216,12_2,CN1,2021-12-13 11:27:51.046,2021-12-13 11:28:12.969,2.535315644391503,4.746385030714999,15,21.923
36,217,12_2,CN2,2021-12-13 11:28:16.040,2021-12-13 11:29:35.948,5.012653564498039,4.47340693787913,16,79.908
37,218,12_2,BS2,2021-12-13 11:29:40.019,2021-12-13 11:29:57.943,4.75280904748326,6.652144540581008,17,17.924
39,220,12_2,BS2,2021-12-13 11:30:11.011,2021-12-13 11:31:15.995,5.042952107593756,6.502430205291823,19,64.984
40,400,12_2,*,2021-12-13 11:31:23.100,2021-12-13 11:31:33.169,11.393888825886478,5.287935459979973,20,10.069
41,401,12_2,*,2021-12-13 11:31:37.097,2021-12-13 11:32:00.984,10.417738913043127,7.923757223034663,21,23.887
42,221,12_2,AS2,2021-12-13 11:32:07.089,2021-12-13 11:33:05.967,4.875510438010035,10.229250717096464,22,58.878
43,222,12_2,AS1,2021-12-13 11:33:08.074,2021-12-13 11:33:58.954,2.6788572830892683,10.336596267192938,23,50.88
45,224,12_2,DN1,2021-12-13 11:34:19.056,2021-12-13 11:34:29.946,18.138237140178003,11.691398388878714,25,10.89
46,379,28_1,*,2021-12-13 10:23:35.675,2021-12-13 10:24:30.982,16.04667150256633,5.6856273239220885,1,55.307
47,20,28_1,FS2,2021-12-13 10:24:38.052,2021-12-13 10:24:59.975,19.1871065087156,2.663676937649588,2,21.923
49,22,28_1,ES3,2021-12-13 10:25:23.040,2021-12-13 10:26:05.958,20.23468569336845,6.409873081151948,4,42.918
50,23,28_1,FN2,2021-12-13 10:26:12.028,2021-12-13 10:26:22.954,20.41944544250308,3.641856147719707,5,10.926
51,24,28_1,FN3,2021-12-13 10:26:24.025,2021-12-13 10:28:12.998,21.014466386027586,4.039235088900846,6,108.973
52,25,28_1,EN2,2021-12-13 10:28:26.102,2021-12-13 10:28:36.992,19.46909623851603,8.02623238382892,7,10.89
53,26,28_1,EN3,2021-12-13 10:28:40.098,2021-12-13 10:29:41.976,20.47861273469179,8.206777058068033,8,61.878
54,27,28_1,EN4,2021-12-13 10:29:47.082,2021-12-13 10:29:57.972,21.679284732742467,8.275907392543898,9,10.89
55,28,28_1,DS3,2021-12-13 10:30:04.077,2021-12-13 10:30:32.963,19.33937511110482,9.575225702770986,10,28.886
56,29,28_1,DN2,2021-12-13 10:30:44.067,2021-12-13 10:31:22.950,20.60853195740675,12.099221719853794,11,38.883
59,31,28_1,CN2,2021-12-13 10:32:00.048,2021-12-13 10:33:06.924,4.265300723936593,5.246201122025889,14,66.876
60,32,28_1,CN1,2021-12-13 10:33:11.031,2021-12-13 10:33:22.920,2.482882042782596,4.415035175499891,15,11.889
61,33,28_1,CS1,2021-12-13 10:33:32.025,2021-12-13 10:34:34.902,3.709599909359461,2.6210207729785804,16,62.877
62,381,28_1,*,2021-12-13 10:34:45.007,2021-12-13 10:35:31.995,10.57108668148419,4.076444092610406,17,46.988
65,35,28_1,FS3,2021-12-13 10:35:59.060,2021-12-13 10:37:23.967,20.40352813940054,2.7049228191166703,20,84.907
67,37,28_1,FN2,2021-12-13 10:37:44.034,2021-12-13 10:38:03.957,19.000846967591325,5.211297729494741,22,19.923
68,38,28_1,AN2,2021-12-13 10:39:00.015,2021-12-13 10:39:23.937,3.765695574881208,12.19548964679272,23,23.922
69,402,28_2,*,2021-12-13 11:19:15.039,2021-12-13 11:19:28.929,10.667289921666825,9.25889837094322,1,13.89
73,228,28_2,DS1,2021-12-13 11:21:03.012,2021-12-13 11:21:17.902,19.04064489765176,8.840371871511438,5,14.89
74,229,28_2,DN3,2021-12-13 11:21:30.006,2021-12-13 11:21:54.999,20.327479358665236,12.044770002846024,6,24.993
75,230,28_2,AN2,2021-12-13 11:22:19.065,2021-12-13 11:23:01.983,4.168908680686303,12.47795235223605,7,42.918
76,231,28_2,BN2,2021-12-13 11:23:10.052,2021-12-13 11:27:02.994,4.13901030271679,7.981582414498234,8,232.942
78,404,28_2,*,2021-12-13 11:27:40.056,2021-12-13 11:27:50.161,18.498120945047237,0.6820281183827586,10,10.105
80,233,28_2,FS2,2021-12-13 11:28:04.050,2021-12-13 11:28:20.974,19.417659185603924,2.365134208387152,12,16.924
81,234,28_2,FS1,2021-12-13 11:28:25.045,2021-12-13 11:28:47.968,18.44171054015096,2.649178550645603,13,22.923
82,235,28_2,FS2,2021-12-13 11:28:49.039,2021-12-13 11:29:28.957,19.163551076179008,2.707133340370666,14,39.918
85,238,28_2,DS2,2021-12-13 11:29:58.021,2021-12-13 11:31:26.999,19.94458993399004,9.885890300464927,17,88.978
86,405,28_2,*,2021-12-13 11:31:59.099,2021-12-13 11:34:39.951,10.431398896239449,4.081170861685516,18,160.852
87,383,38_1,*,2021-12-13 10:23:35.682,2021-12-13 10:24:29.989,15.17024752816697,11.383096605551282,1,54.307
88,39,38_1,CN2,2021-12-13 10:24:44.057,2021-12-13 10:26:14.963,4.354073119573397,4.41177314235973,2,90.906
89,40,38_1,CN1,2021-12-13 10:26:17.034,2021-12-13 10:28:11.934,3.240344734575671,4.545561812618091,3,114.9
90,41,38_1,CS3,2021-12-13 10:28:22.003,2021-12-13 10:29:26.987,5.817989452972111,2.6839021278792154,4,64.984
91,42,38_1,CS1,2021-12-13 10:29:34.092,2021-12-13 10:31:13.960,3.4893629578674186,2.6889119006533155,5,99.868
92,43,38_1,BS2,2021-12-13 10:31:26.064,2021-12-13 10:31:39.953,5.188329292277488,5.773193657736279,6,13.889
93,44,38_1,BS1,2021-12-13 10:31:44.059,2021-12-13 10:34:00.918,3.0472775365500877,6.305675810966103,7,136.859
94,45,38_1,BN1,2021-12-13 10:34:06.024,2021-12-13 10:35:06.902,2.5288975382479446,8.502987424574682,8,60.878
95,46,38_1,BN2,2021-12-13 10:35:08.008,2021-12-13 10:35:55.996,2.853538669342237,8.43378418496167,9,47.988
96,47,38_1,AS1,2021-12-13 10:35:58.067,2021-12-13 10:36:56.981,3.2242866863596653,10.234556502886376,10,58.914
98,49,38_1,AN2,2021-12-13 10:37:17.048,2021-12-13 10:38:50.953,3.32914961645643,12.27556603982972,12,93.905
99,50,38_1,AN3,2021-12-13 10:38:53.024,2021-12-13 10:39:23.944,5.091421722541265,12.05486856699186,13,30.92
100,406,38_2,*,2021-12-13 11:19:13.297,2021-12-13 11:19:29.936,14.355490660653146,4.331533966690494,1,16.639
101,239,38_2,FS1,2021-12-13 11:19:36.041,2021-12-13 11:20:55.914,18.425771461054843,2.5173386217183,2,79.873
102,240,38_2,FS2,2021-12-13 11:20:58.021,2021-12-13 11:21:20.908,19.36448142084129,2.344173077363812,3,22.887
103,241,38_2,FS3,2021-12-13 11:21:23.015,2021-12-13 11:23:27.983,20.43942800479364,2.3751674508870155,4,124.968
104,242,38_2,FN3,2021-12-13 11:23:37.052,2021-12-13 11:25:36.951,21.053513545522566,4.543200051741717,5,119.899
105,243,38_2,FN2,2021-12-13 11:25:39.022,2021-12-13 11:27:53.988,19.15082077218298,4.487312818157802,6,134.966
107,244,38_2,ES3,2021-12-13 11:28:09.056,2021-12-13 11:28:25.980,20.280703196073,6.605245317033127,8,16.924
108,245,38_2,ES1,2021-12-13 11:28:30.051,2021-12-13 11:29:19.895,18.867883146080977,5.801256496158627,9,49.844
109,246,38_2,ES3,2021-12-13 11:29:25.144,2021-12-13 11:31:01.941,20.839609577905065,6.72673232003002,10,96.797
110,247,38_2,DN3,2021-12-13 11:31:13.010,2021-12-13 11:31:53.000,20.794975628592177,11.852257378902928,11,39.99
111,248,38_2,DN2,2021-12-13 11:31:54.000,2021-12-13 11:32:12.995,19.773072867508905,11.75731389649777,12,18.995
112,249,38_2,DN1,2021-12-13 11:32:14.102,2021-12-13 11:33:18.978,18.463877241718464,12.07147780800062,13,64.876
113,250,38_2,DS1,2021-12-13 11:33:26.084,2021-12-13 11:33:37.974,18.774225026431704,9.994782435579763,14,11.89
114,251,38_2,DS2,2021-12-13 11:33:41.080,2021-12-13 11:34:05.967,19.6766364739814,9.85841530328361,15,24.887
115,252,38_2,DS3,2021-12-13 11:34:08.073,2021-12-13 11:34:39.958,20.6806885245144,10.599357510353617,16,31.885
117,385,39_1,*,2021-12-13 10:23:45.008,2021-12-13 10:24:29.997,15.443246176368296,10.351833043677448,2,44.989
118,51,39_1,DN1,2021-12-13 10:24:36.066,2021-12-13 10:25:01.989,18.91044609920726,11.92631932599064,3,25.923
119,52,39_1,DN2,2021-12-13 10:25:06.059,2021-12-13 10:25:48.977,20.300491957515916,12.436937451461336,4,42.918
120,53,39_1,DN3,2021-12-13 10:25:53.047,2021-12-13 10:26:07.972,21.7512745935976,12.380989529723658,5,14.925
121,54,39_1,DS4,2021-12-13 10:26:17.041,2021-12-13 10:26:37.965,20.97922235247557,9.4895423871056,6,20.924
122,55,39_1,DS3,2021-12-13 10:26:41.035,2021-12-13 10:27:04.958,19.678597479556323,9.571536972278436,7,23.923
124,57,39_1,EN3,2021-12-13 10:27:24.024,2021-12-13 10:28:28.937,20.487937726537485,8.723208910904791,9,64.913
126,59,39_1,ES3,2021-12-13 10:28:45.004,2021-12-13 10:29:18.996,20.47735401967286,6.098253593492464,11,33.992
127,60,39_1,ES1,2021-12-13 10:29:27.101,2021-12-13 10:30:03.984,18.453124802015264,6.086789403443767,12,36.883
128,61,39_1,FN3,2021-12-13 10:30:13.089,2021-12-13 10:31:53.957,21.17373207234894,4.32723411238218,13,100.868
129,62,39_1,FS3,2021-12-13 10:32:02.062,2021-12-13 10:32:29.948,20.965589703416384,2.264522115083593,14,27.886
130,63,39_1,CS2,2021-12-13 10:32:54.049,2021-12-13 10:33:07.938,4.963090024725575,2.1151229885642064,15,13.889
131,64,39_1,AS1,2021-12-13 10:33:26.041,2021-12-13 10:33:49.928,3.1260253347257865,9.938117506491436,16,23.887
132,65,39_1,AS2,2021-12-13 10:33:52.035,2021-12-13 10:35:19.905,5.0612663365375,10.108105712324289,17,87.87
133,66,39_1,AN3,2021-12-13 10:35:25.011,2021-12-13 10:36:38.993,5.6207896649845,11.73906933601049,18,73.982
135,68,39_1,CN2,2021-12-13 10:37:09.057,2021-12-13 10:38:41.962,5.234070259323499,4.796122942098092,20,92.905
138,253,39_2,FN1,2021-12-13 11:19:43.047,2021-12-13 11:19:59.864,18.972702830320745,4.369753059824929,3,16.817
139,254,39_2,FN2,2021-12-13 11:20:02.042,2021-12-13 11:20:27.928,19.67419289700077,4.0404043893735055,4,25.886
140,255,39_2,FN3,2021-12-13 11:20:33.034,2021-12-13 11:21:57.906,21.3442594439496,4.187677589735944,5,84.872
141,256,39_2,FS3,2021-12-13 11:22:08.010,2021-12-13 11:22:27.898,21.488415578499776,2.1221154400522813,6,19.888
142,257,39_2,ES3,2021-12-13 11:22:36.003,2021-12-13 11:23:40.987,20.27784124259186,6.152788652370512,7,64.984
143,258,39_2,ES2,2021-12-13 11:23:43.058,2021-12-13 11:24:17.978,18.770951722995083,6.220859544976323,8,34.92
144,259,39_2,ES1,2021-12-13 11:24:20.049,2021-12-13 11:24:45.971,17.867820959549128,6.14426347704974,9,25.922
145,260,39_2,DN1,2021-12-13 11:24:57.040,2021-12-13 11:25:15.856,18.769216513419668,12.043563902219168,10,18.816
146,261,39_2,DN2,2021-12-13 11:25:22.033,2021-12-13 11:25:53.954,20.687156308240905,12.27583394190074,11,31.921
148,263,39_2,BS1,2021-12-13 11:26:41.014,2021-12-13 11:28:06.992,3.5270688604027094,5.89301929164745,13,85.978
149,264,39_2,BS2,2021-12-13 11:28:10.063,2021-12-13 11:28:24.988,4.525096489351257,6.63106100227278,14,14.925
151,266,39_2,BN2,2021-12-13 11:28:46.054,2021-12-13 11:30:50.951,4.362497352632336,8.070035232485399,16,124.897
152,267,39_2,BN3,2021-12-13 11:30:53.022,2021-12-13 11:32:09.931,5.534642264626846,8.553234857376221,17,76.909
153,268,39_2,AS1,2021-12-13 11:32:23.178,2021-12-13 11:32:44.994,2.3869087687808235,10.052775436424827,18,21.816
154,269,39_2,AN1,2021-12-13 11:32:53.099,2021-12-13 11:34:33.967,2.732296410328951,12.218621758208132,19,100.868
155,386,44_1,*,2021-12-13 10:23:35.696,2021-12-13 10:24:29.932,16.02725551579448,5.05487202864918,1,54.236
156,69,44_1,FS2,2021-12-13 10:24:37.002,2021-12-13 10:24:48.999,19.56435240202753,2.5899002026649662,2,11.997
158,71,44_1,FN2,2021-12-13 10:25:18.063,2021-12-13 10:25:30.988,19.084758521882065,4.494429020665052,4,12.925
159,72,44_1,ES2,2021-12-13 10:25:35.059,2021-12-13 10:27:51.953,19.016325040480293,6.3257365539964345,5,136.894
161,74,44_1,DN1,2021-12-13 10:28:22.017,2021-12-13 10:28:48.939,18.378967022727927,11.797445644377769,7,26.922
162,75,44_1,AN2,2021-12-13 10:29:07.006,2021-12-13 10:29:19.931,4.660197851705632,12.162719199739149,8,12.925
163,76,44_1,AS1,2021-12-13 10:29:33.106,2021-12-13 10:29:55.994,3.2502263073230986,10.242813298491786,9,22.888
164,77,44_1,BS1,2021-12-13 10:30:06.098,2021-12-13 10:30:36.983,2.68834239226082,6.399794733722714,10,30.885
165,78,44_1,BS2,2021-12-13 10:30:41.089,2021-12-13 10:31:32.969,3.512562459231786,6.576271710504596,11,51.88
166,79,44_1,CN2,2021-12-13 10:31:40.075,2021-12-13 10:32:11.960,5.423747048840965,4.299822840467472,12,31.885
167,80,44_1,CN1,2021-12-13 10:32:16.066,2021-12-13 10:32:52.878,3.0255434047102407,4.646477082718494,13,36.812
168,81,44_1,CS1,2021-12-13 10:33:01.054,2021-12-13 10:34:08.930,3.648672874277688,2.8020336807247306,14,67.876
169,82,44_1,CS3,2021-12-13 10:34:13.036,2021-12-13 10:34:49.920,6.003094461870152,2.9142369423122845,15,36.884
172,84,44_1,FS2,2021-12-13 10:35:36.016,2021-12-13 10:35:56.903,19.533665465864622,2.751285985445551,18,20.887
173,85,44_1,FS3,2021-12-13 10:35:59.010,2021-12-13 10:37:04.993,21.055701926199152,2.723418341908676,19,65.983
174,86,44_1,FN3,2021-12-13 10:37:16.062,2021-12-13 10:37:35.986,20.97782110791356,4.468162642002241,20,19.924
175,87,44_1,FN2,2021-12-13 10:37:45.055,2021-12-13 10:38:17.975,19.440103257516174,4.809035519938855,21,32.92
177,89,44_1,DS2,2021-12-13 10:38:48.039,2021-12-13 10:38:59.965,19.58240898641352,9.389624174897431,23,11.926
178,90,44_1,DS4,2021-12-13 10:39:07.034,2021-12-13 10:39:23.959,21.1248012175506,9.754407658556117,24,16.925
179,410,44_2,*,2021-12-13 11:19:13.311,2021-12-13 11:19:28.950,10.947282200629887,9.579806429044066,1,15.639
181,271,44_2,BN1,2021-12-13 11:20:00.050,2021-12-13 11:21:01.927,2.788433907195555,8.583840346422443,3,61.877
182,272,44_2,DN2,2021-12-13 11:21:26.028,2021-12-13 11:21:44.845,19.481862644714152,11.816682127148775,4,18.817
183,273,44_2,DN3,2021-12-13 11:21:48.023,2021-12-13 11:21:59.912,21.019035299770845,11.874842145640995,5,11.889
186,275,44_2,EN3,2021-12-13 11:22:21.014,2021-12-13 11:22:38.831,21.027024622554222,8.64845040467519,8,17.817
187,276,44_2,EN4,2021-12-13 11:22:39.010,2021-12-13 11:24:50.977,21.44781095486001,8.452011841205225,9,131.967
188,277,44_2,EN2,2021-12-13 11:24:53.048,2021-12-13 11:25:51.962,19.6137666436986,8.254164709765007,10,58.914
189,278,44_2,EN1,2021-12-13 11:25:54.032,2021-12-13 11:26:31.952,18.46323667364437,8.293201877638149,11,37.92
190,279,44_2,FS1,2021-12-13 11:26:47.019,2021-12-13 11:26:58.945,18.35931952396411,2.6019547452716645,12,11.926
191,280,44_2,BN2,2021-12-13 11:27:18.083,2021-12-13 11:28:19.996,4.227509106322203,8.00920414513864,13,61.913
192,281,44_2,CN1,2021-12-13 11:28:32.064,2021-12-13 11:30:03.970,3.095456727185605,4.577960664251092,14,91.906
193,282,44_2,CN2,2021-12-13 11:30:05.041,2021-12-13 11:33:32.989,4.19707704424908,4.7115873409498565,15,207.948
194,412,44_2,*,2021-12-13 11:33:41.094,2021-12-13 11:33:51.163,10.931195862139646,4.704773941169164,16,10.069
195,413,44_2,*,2021-12-13 11:33:53.091,2021-12-13 11:34:39.972,11.552088769875771,3.95834797432037,17,46.881
196,388,55_1,*,2021-12-13 10:23:36.203,2021-12-13 10:24:33.938,8.307496507016866,6.150451087959245,1,57.735
197,91,55_1,AN3,2021-12-13 10:24:46.007,2021-12-13 10:26:24.982,5.340530599544739,11.682308006319962,2,98.975
198,92,55_1,AN2,2021-12-13 10:26:30.052,2021-12-13 10:28:40.948,3.5332154615038447,12.372626145558629,3,130.896
199,93,55_1,AS1,2021-12-13 10:28:50.017,2021-12-13 10:29:14.940,3.645636885715548,10.158600547209552,4,24.923
200,94,55_1,AS2,2021-12-13 10:29:20.010,2021-12-13 10:29:37.934,5.3173138921611045,9.87134195514669,5,17.924
201,95,55_1,BN3,2021-12-13 10:29:43.004,2021-12-13 10:30:35.991,5.36504147736131,8.250875348376276,6,52.987
203,97,55_1,BN1,2021-12-13 10:30:48.166,2021-12-13 10:31:30.977,3.079194105369289,8.156369926378911,8,42.811
204,98,55_1,BN2,2021-12-13 10:31:33.084,2021-12-13 10:36:35.901,4.121552500302895,7.979806428336635,9,302.817
205,99,55_1,BS2,2021-12-13 10:36:47.005,2021-12-13 10:39:21.966,3.936241411977442,6.418884699981534,10,154.961
206,414,55_2,*,2021-12-13 11:19:13.319,2021-12-13 11:19:29.957,11.376263669597927,9.498450106624988,1,16.638
207,283,55_2,CN2,2021-12-13 11:19:38.062,2021-12-13 11:21:54.921,4.3850970552329525,4.589814723578185,2,136.859
208,284,55_2,CN1,2021-12-13 11:21:55.028,2021-12-13 11:23:10.902,3.2090350559249723,4.454591757437035,3,75.874
209,285,55_2,CS1,2021-12-13 11:23:18.007,2021-12-13 11:26:31.959,3.481965301733017,2.677796393818514,4,193.952
210,286,55_2,CS3,2021-12-13 11:26:35.029,2021-12-13 11:27:11.949,5.688334261610487,2.712347243637784,5,36.92
211,287,55_2,FS3,2021-12-13 11:27:29.016,2021-12-13 11:27:40.941,19.899682230900385,2.510285737083986,6,11.925
212,288,55_2,FS1,2021-12-13 11:27:43.012,2021-12-13 11:28:16.932,18.406249711593123,2.694421368103895,7,33.92
213,289,55_2,FS3,2021-12-13 11:28:17.004,2021-12-13 11:29:53.980,19.9529553742966,2.6037936154189136,8,96.976
214,290,55_2,FS2,2021-12-13 11:29:56.050,2021-12-13 11:30:23.972,19.172279217992152,2.6391992331522056,9,27.922
215,291,55_2,FS3,2021-12-13 11:30:25.043,2021-12-13 11:31:33.955,20.65297153919523,2.693287510762488,10,68.912
216,292,55_2,FN3,2021-12-13 11:31:41.024,2021-12-13 11:34:31.981,20.971574825771125,4.26587561819345,11,170.957
217,389,57_1,*,2021-12-13 10:23:35.710,2021-12-13 10:24:29.947,13.907514793877136,10.762790647675915,1,54.237
218,100,57_1,FS1,2021-12-13 10:24:44.015,2021-12-13 10:25:10.936,18.25256426618106,2.397777405575039,2,26.921
220,102,57_1,FS3,2021-12-13 10:25:21.005,2021-12-13 10:27:15.977,19.98072409431235,2.314738803464584,4,114.972
221,103,57_1,FN3,2021-12-13 10:27:24.046,2021-12-13 10:27:44.969,21.755532235748827,4.590700878126091,5,20.923
222,104,57_1,FN2,2021-12-13 10:27:49.040,2021-12-13 10:28:30.958,19.886590140397008,4.163481117123783,6,41.918
223,105,57_1,FN3,2021-12-13 10:28:33.029,2021-12-13 10:30:00.935,20.848303135939712,4.57076124483959,7,87.906
224,106,57_1,ES3,2021-12-13 10:30:06.005,2021-12-13 10:30:21.930,20.38918393781405,6.103114066605452,8,15.925
225,107,57_1,ES2,2021-12-13 10:30:25.001,2021-12-13 10:30:47.995,19.23511065886076,6.205097686849654,9,22.994
227,109,57_1,EN4,2021-12-13 10:31:07.097,2021-12-13 10:32:43.966,21.56367219912697,8.626724616401608,11,96.869
228,110,57_1,EN3,2021-12-13 10:32:45.073,2021-12-13 10:32:59.962,20.39124973106965,8.435473640937929,12,14.889
229,111,57_1,EN2,2021-12-13 10:33:02.068,2021-12-13 10:33:21.956,19.719957642381985,8.602844230145244,13,19.888
231,113,57_1,DN2,2021-12-13 10:33:40.059,2021-12-13 10:34:10.944,19.715994699201094,12.499294867590876,15,30.885
232,114,57_1,AN3,2021-12-13 10:34:37.045,2021-12-13 10:35:17.927,5.524968934257026,11.946714539809609,16,40.882
233,115,57_1,AN2,2021-12-13 10:35:22.033,2021-12-13 10:36:27.910,4.033274859543714,12.637630492782586,17,65.877
234,116,57_1,AS1,2021-12-13 10:36:39.014,2021-12-13 10:36:52.904,2.6443652620913447,9.858937451262587,18,13.89
235,117,57_1,AS2,2021-12-13 10:36:58.009,2021-12-13 10:37:35.000,5.203644155797907,9.802576164101126,19,36.991
236,118,57_1,BN3,2021-12-13 10:37:40.070,2021-12-13 10:38:31.986,5.43355382245971,8.117600765662948,20,51.916
237,119,57_1,BN2,2021-12-13 10:38:35.057,2021-12-13 10:39:20.974,4.374424009129611,7.958321679526641,21,45.917
238,415,57_2,*,2021-12-13 11:19:13.825,2021-12-13 11:19:28.965,7.953964525861534,6.969478089333142,1,15.14
239,293,57_2,BN2,2021-12-13 11:19:34.070,2021-12-13 11:22:48.915,4.357668992548335,7.965585462581148,2,194.845
240,294,57_2,BN1,2021-12-13 11:22:51.021,2021-12-13 11:23:25.905,2.895670320937449,8.43629903473193,3,34.884
241,295,57_2,BS2,2021-12-13 11:23:36.010,2021-12-13 11:25:01.988,4.273364620188883,6.258450791454513,4,85.978
243,297,57_2,CS1,2021-12-13 11:25:27.053,2021-12-13 11:25:37.122,3.3848357421645083,1.8504323053989595,6,10.069
244,298,57_2,CS2,2021-12-13 11:25:39.050,2021-12-13 11:27:05.957,4.108481238267643,2.0309388011441247,7,86.907
245,299,57_2,ES3,2021-12-13 11:28:02.015,2021-12-13 11:28:30.936,22.096510836334364,6.117987435574241,8,28.921
249,303,57_2,BN2,2021-12-13 11:30:08.055,2021-12-13 11:31:21.965,4.356010723517754,8.223591553767763,12,73.91
250,304,57_2,BN3,2021-12-13 11:31:25.035,2021-12-13 11:32:05.954,5.0208524931091,8.337402551233845,13,40.919
254,308,57_2,BS2,2021-12-13 11:33:43.001,2021-12-13 11:34:03.746,4.4830593217103205,6.347484900498678,17,20.745
255,390,67_1,*,2021-12-13 10:23:36.217,2021-12-13 10:24:29.847,13.239347741981616,5.388606202950585,1,53.63
256,120,67_1,FN2,2021-12-13 10:24:43.022,2021-12-13 10:24:53.091,19.80458686612545,4.314078501609562,2,10.069
257,121,67_1,FN3,2021-12-13 10:24:56.019,2021-12-13 10:25:17.942,21.047244972644112,4.259451330892366,3,21.923
258,122,67_1,FS3,2021-12-13 10:25:23.012,2021-12-13 10:25:38.937,21.48291310817465,2.411020326333841,4,15.925
260,124,67_1,FS1,2021-12-13 10:25:53.004,2021-12-13 10:26:03.073,18.20005392825907,2.6947430460575945,6,10.069
261,125,67_1,EN1,2021-12-13 10:26:14.071,2021-12-13 10:26:33.994,18.58193504159094,8.10315551868537,7,19.923
262,126,67_1,EN4,2021-12-13 10:26:44.063,2021-12-13 10:27:03.987,21.57651084139165,8.20084427471216,8,19.924
263,127,67_1,ES3,2021-12-13 10:27:08.057,2021-12-13 10:27:39.978,20.862705117503864,6.400793782600616,9,31.921
266,130,67_1,DS3,2021-12-13 10:28:12.041,2021-12-13 10:28:50.960,19.91101185242227,10.28660873135127,12,38.919
267,131,67_1,DS4,2021-12-13 10:28:52.031,2021-12-13 10:29:09.955,21.62679753728965,10.47100070693644,13,17.924
269,133,67_1,DN2,2021-12-13 10:29:22.024,2021-12-13 10:30:01.942,20.716831147917706,12.01411028682162,15,39.918
270,134,67_1,DN1,2021-12-13 10:30:05.013,2021-12-13 10:30:44.931,18.561900983381253,11.958646465929045,16,39.918
271,135,67_1,AN3,2021-12-13 10:31:01.106,2021-12-13 10:31:14.995,5.515021018163087,11.748036652265338,17,13.889
274,138,67_1,BN3,2021-12-13 10:31:59.091,2021-12-13 10:32:16.908,5.625093388586135,8.387711020075301,20,17.817
277,141,67_1,BS2,2021-12-13 10:32:46.080,2021-12-13 10:33:10.966,5.0901851177733,6.469522934734567,23,24.886
278,142,67_1,CN2,2021-12-13 10:33:15.072,2021-12-13 10:34:04.953,5.0795211696414855,4.176042856197338,24,49.881
279,143,67_1,CN1,2021-12-13 10:34:12.058,2021-12-13 10:34:22.948,2.5568363549329565,4.372723356288885,25,10.89
280,144,67_1,CS1,2021-12-13 10:34:29.054,2021-12-13 10:35:16.935,3.5570366521686503,2.716192597688471,26,47.881
282,146,67_1,CS1,2021-12-13 10:35:22.041,2021-12-13 10:36:43.913,3.681006534270781,2.7232239354737398,28,81.872
283,147,67_1,CS2,2021-12-13 10:36:47.019,2021-12-13 10:37:06.907,5.017602761645095,2.41650782149298,29,19.888
284,148,67_1,CS3,2021-12-13 10:37:08.014,2021-12-13 10:37:44.898,5.640810548132824,2.7407413335666315,30,36.884
285,149,67_1,CN1,2021-12-13 10:38:00.001,2021-12-13 10:38:36.992,2.710624359739007,4.511568636363792,31,36.991
286,150,67_1,CN2,2021-12-13 10:38:38.063,2021-12-13 10:39:13.983,4.7134965777436415,4.304540900980731,32,35.92
287,416,67_2,*,2021-12-13 11:19:13.833,2021-12-13 11:19:28.972,9.432748247790856,10.3689060680439,1,15.139
290,311,67_2,AN1,2021-12-13 11:19:57.143,2021-12-13 11:20:10.961,2.64249719203273,12.067989235100445,4,13.818
291,312,67_2,AS1,2021-12-13 11:20:17.067,2021-12-13 11:20:43.953,3.361860446109754,10.568604360247807,5,26.886
293,314,67_2,BS2,2021-12-13 11:21:01.056,2021-12-13 11:21:42.938,4.1148246520700935,6.558597998548158,7,41.882
295,316,67_2,CN2,2021-12-13 11:22:00.041,2021-12-13 11:22:28.927,5.652677101798769,4.39160884398547,9,28.886
298,319,67_2,FN2,2021-12-13 11:23:13.023,2021-12-13 11:24:02.903,19.714080990621103,4.28414237054401,12,49.88
299,320,67_2,FS3,2021-12-13 11:24:14.007,2021-12-13 11:24:57.996,20.651275525083918,2.603237218386326,13,43.989
300,321,67_2,FS2,2021-12-13 11:25:01.067,2021-12-13 11:25:14.992,19.151808022376837,2.4676186146009957,14,13.925
301,322,67_2,FS1,2021-12-13 11:25:16.063,2021-12-13 11:25:38.986,18.67328415960564,2.632882394985692,15,22.923
302,323,67_2,FN3,2021-12-13 11:25:48.055,2021-12-13 11:26:18.976,21.90760866533234,4.596959273474335,16,30.921
303,324,67_2,ES3,2021-12-13 11:26:21.047,2021-12-13 11:27:28.959,21.41987725173312,6.415959210266528,17,67.912
305,326,67_2,ES1,2021-12-13 11:27:39.028,2021-12-13 11:27:57.951,18.80959541661037,6.158363969643037,19,18.923
306,327,67_2,ES3,2021-12-13 11:28:04.021,2021-12-13 11:28:31.943,21.285516371900663,6.070570044570572,20,27.922
310,331,67_2,DS4,2021-12-13 11:29:05.006,2021-12-13 11:29:17.931,21.45893206087889,10.625954736539525,24,12.925
311,332,67_2,DS3,2021-12-13 11:29:20.002,2021-12-13 11:29:54.994,19.94251183067048,10.264444814502804,25,34.992
313,334,67_2,DS1,2021-12-13 11:30:01.064,2021-12-13 11:30:12.918,18.13709268800772,10.138892244828272,27,11.854
314,335,67_2,DS3,2021-12-13 11:30:16.060,2021-12-13 11:31:24.971,19.446407980724285,10.20719285798463,28,68.911
317,338,67_2,AN3,2021-12-13 11:32:09.139,2021-12-13 11:32:51.949,5.2538085508242975,12.025356630973022,31,42.81
318,339,67_2,AN2,2021-12-13 11:32:53.021,2021-12-13 11:33:08.945,4.349612000496608,12.13878358306007,32,15.924
319,340,67_2,BN3,2021-12-13 11:33:18.014,2021-12-13 11:33:31.939,5.71620198203213,8.510693687268493,33,13.925
320,341,67_2,BN2,2021-12-13 11:33:35.010,2021-12-13 11:34:39.994,4.344240070159139,8.101969598640343,34,64.984
321,391,68_1,*,2021-12-13 10:23:36.224,2021-12-13 10:24:31.960,8.981177420897444,8.937595209078726,1,55.736
323,152,68_1,BN2,2021-12-13 10:24:50.027,2021-12-13 10:25:17.842,4.202665228022224,7.954680957381429,3,27.815
328,154,68_1,BS1,2021-12-13 10:26:19.005,2021-12-13 10:26:29.074,2.8244241691410155,6.205440140731584,8,10.069
329,155,68_1,BS2,2021-12-13 10:26:33.002,2021-12-13 10:27:28.988,4.28786688350801,6.456193649414839,9,55.986
330,156,68_1,CN2,2021-12-13 10:27:32.058,2021-12-13 10:27:53.981,5.724122521600838,5.206279654459656,10,21.923
332,158,68_1,CS2,2021-12-13 10:28:09.049,2021-12-13 10:29:30.957,3.6809719469787,2.9178717799006626,12,81.908
333,159,68_1,FS1,2021-12-13 10:29:51.023,2021-12-13 10:30:01.949,17.727216266929837,2.3502104802132995,13,10.926
334,160,68_1,AS2,2021-12-13 10:30:17.017,2021-12-13 10:30:30.942,4.677166749142921,10.19978761786859,14,13.925
335,161,68_1,AS1,2021-12-13 10:30:35.012,2021-12-13 10:31:23.929,2.630530053540498,10.908436354484634,15,48.917
337,163,68_1,AN2,2021-12-13 10:31:40.103,2021-12-13 10:31:50.993,3.558813915501384,12.05066678665054,17,10.89
338,164,68_1,AN3,2021-12-13 10:31:54.100,2021-12-13 10:33:28.969,5.629807753712717,11.693558562268146,18,94.869
342,168,68_1,DN2,2021-12-13 10:34:24.062,2021-12-13 10:34:48.949,20.276145658820777,12.045498144354388,22,24.887
345,171,68_1,EN3,2021-12-13 10:35:13.050,2021-12-13 10:35:23.119,20.32995816875218,8.091696800219587,25,10.069
346,172,68_1,EN2,2021-12-13 10:35:26.047,2021-12-13 10:36:16.927,19.57849355634628,7.928614033151351,26,50.88
348,174,68_1,EN1,2021-12-13 10:36:31.031,2021-12-13 10:36:56.917,18.340313668901317,7.901299555430395,28,25.886
349,175,68_1,ES3,2021-12-13 10:37:07.022,2021-12-13 10:37:33.908,20.939278502627907,6.35248998641404,29,26.886
351,177,68_1,FS3,2021-12-13 10:37:51.011,2021-12-13 10:38:06.899,20.14964315575896,2.480436080410494,31,15.888
356,417,68_2,*,2021-12-13 11:19:13.840,2021-12-13 11:19:30.978,15.280345642583685,7.211357075374246,1,17.138
358,343,68_2,EN2,2021-12-13 11:19:49.081,2021-12-13 11:20:01.971,19.31767840372429,7.780082279908704,3,12.89
360,345,68_2,ES3,2021-12-13 11:20:22.073,2021-12-13 11:20:53.958,20.55518730414256,6.031543364889036,5,31.885
361,346,68_2,ES2,2021-12-13 11:20:55.064,2021-12-13 11:21:29.949,18.72196553367952,6.221878611534193,6,34.885
362,347,68_2,FN1,2021-12-13 11:21:34.055,2021-12-13 11:21:47.944,18.775535086222053,4.366036035931667,7,13.889
363,348,68_2,FN2,2021-12-13 11:21:50.051,2021-12-13 11:22:35.932,20.292557370851235,4.092854397458353,8,45.881
364,349,68_2,FN3,2021-12-13 11:22:40.038,2021-12-13 11:22:54.927,21.63161583296824,4.160488963708874,9,14.889
365,350,68_2,FS3,2021-12-13 11:23:04.032,2021-12-13 11:23:25.920,21.474136392687058,2.3292192323872483,10,21.888
366,351,68_2,FS2,2021-12-13 11:23:35.024,2021-12-13 11:23:46.914,18.557064510963,2.581525112786104,11,11.89
367,352,68_2,FS1,2021-12-13 11:23:48.021,2021-12-13 11:24:23.905,18.15561338398459,2.6957597520380894,12,35.884
368,353,68_2,DS1,2021-12-13 11:24:39.008,2021-12-13 11:24:49.077,18.09468005129799,9.250009839543134,13,10.069
370,355,68_2,DS4,2021-12-13 11:25:07.001,2021-12-13 11:25:50.990,21.16257198428396,10.23307359221584,15,43.989
371,356,68_2,AS2,2021-12-13 11:26:13.056,2021-12-13 11:26:33.123,4.054155665910307,10.521029205386258,16,20.067
372,357,68_2,AS1,2021-12-13 11:26:34.872,2021-12-13 11:27:30.965,2.8819262848635465,11.224726204675404,17,56.093
373,358,68_2,AN3,2021-12-13 11:27:42.034,2021-12-13 11:28:52.945,5.191441640165444,11.859093417438292,18,70.911
374,359,68_2,AN2,2021-12-13 11:28:56.016,2021-12-13 11:30:16.995,3.720863954403212,12.211575332204076,19,80.979
377,362,68_2,BS1,2021-12-13 11:30:50.058,2021-12-13 11:31:11.982,3.3390923553008784,6.048917528658501,22,21.924
378,363,68_2,BS2,2021-12-13 11:31:14.052,2021-12-13 11:31:29.977,4.393789352850986,6.308708026352519,23,15.925
379,364,68_2,CN2,2021-12-13 11:31:36.047,2021-12-13 11:31:51.972,5.291656225854228,4.357311391922635,24,15.925
380,365,68_2,CN1,2021-12-13 11:32:02.040,2021-12-13 11:33:28.947,2.3689880296850694,4.772625568128859,25,86.907
381,366,68_2,CS1,2021-12-13 11:33:38.016,2021-12-13 11:34:30.932,3.662485276768644,2.353540302282871,26,52.916
382,396,80_1,*,2021-12-13 10:23:36.231,2021-12-13 10:24:30.968,15.562065207213005,8.57522794511284,1,54.737
383,181,80_1,DS3,2021-12-13 10:24:39.037,2021-12-13 10:24:49.106,21.49021240108746,10.172958579442108,2,10.069
384,182,80_1,DS2,2021-12-13 10:24:52.034,2021-12-13 10:25:23.955,19.63291010867804,9.697152644918477,3,31.921
385,183,80_1,DS1,2021-12-13 10:25:26.025,2021-12-13 10:26:00.945,18.6571142486522,10.618717151959608,4,34.92
387,185,80_1,DN2,2021-12-13 10:26:18.012,2021-12-13 10:27:34.993,20.176214849472984,12.302416704560072,6,76.981
388,186,80_1,ES3,2021-12-13 10:27:49.061,2021-12-13 10:28:38.977,20.70929858271637,6.219716513546785,7,49.916
389,187,80_1,FN2,2021-12-13 10:28:45.154,2021-12-13 10:29:50.959,19.205537188513595,4.350772087909827,8,65.805
390,188,80_1,FN1,2021-12-13 10:29:53.030,2021-12-13 10:30:06.955,18.63441199406751,4.3456612706156665,9,13.925
391,189,80_1,FN3,2021-12-13 10:30:09.026,2021-12-13 10:30:38.947,21.224464668598404,4.410423567239786,10,29.921
392,190,80_1,FS3,2021-12-13 10:30:47.017,2021-12-13 10:31:11.939,20.93584971260741,2.3232512028209924,11,24.922
393,191,80_1,FS2,2021-12-13 10:31:14.010,2021-12-13 10:32:18.994,19.764746829137103,2.3819275259057653,12,64.984
394,192,80_1,FS1,2021-12-13 10:32:21.100,2021-12-13 10:32:50.986,18.181259078784468,2.7007376787821364,13,29.886
396,193,80_1,AS2,2021-12-13 10:33:31.083,2021-12-13 10:33:51.970,5.320074844775,10.30649196124967,15,20.887
397,194,80_1,AN3,2021-12-13 10:33:56.076,2021-12-13 10:34:32.960,5.586349690465813,11.681998520279665,16,36.884
398,195,80_1,AN2,2021-12-13 10:34:38.066,2021-12-13 10:35:17.949,3.4909820426763285,12.172556946495485,17,39.883
401,198,80_1,BN3,2021-12-13 10:35:43.050,2021-12-13 10:36:43.927,5.290220185840658,8.488026625740797,20,60.877
403,200,80_1,BN1,2021-12-13 10:36:55.032,2021-12-13 10:37:47.911,2.734714235060209,8.209604023692439,22,52.879
404,201,80_1,BN2,2021-12-13 10:37:50.018,2021-12-13 10:38:06.907,3.09799798235508,8.074216447248189,23,16.889
405,202,80_1,BS1,2021-12-13 10:38:14.012,2021-12-13 10:38:32.900,2.8333318608416724,6.243972921999445,24,18.888
406,203,80_1,BS2,2021-12-13 10:38:39.006,2021-12-13 10:39:13.997,4.8242535255009535,6.383543537563704,25,34.991
407,418,80_2,*,2021-12-13 11:19:15.097,2021-12-13 11:19:28.986,13.029577232501287,5.077178026642264,1,13.889
408,367,80_2,CS3,2021-12-13 11:19:44.089,2021-12-13 11:20:21.973,5.688219672755586,2.702042654755802,2,37.884
409,368,80_2,CS2,2021-12-13 11:20:22.080,2021-12-13 11:20:32.149,5.073749618348237,2.1211411276237047,3,10.069
410,369,80_2,CS1,2021-12-13 11:20:35.077,2021-12-13 11:24:35.909,3.807240543384304,2.5653209630205933,4,240.832
411,370,80_2,CN1,2021-12-13 11:24:40.015,2021-12-13 11:26:54.982,3.2571147621706804,4.539808550885902,5,134.967
412,371,80_2,CN2,2021-12-13 11:26:57.052,2021-12-13 11:28:23.959,5.4568849403950415,4.319179742641504,6,86.907
413,372,80_2,BS2,2021-12-13 11:28:28.030,2021-12-13 11:29:21.945,5.148023405413344,6.377443361683973,7,53.915
414,373,80_2,BS1,2021-12-13 11:29:25.087,2021-12-13 11:29:55.936,3.5701698570051468,6.4763957823343095,8,30.849
415,374,80_2,EN1,2021-12-13 11:30:16.003,2021-12-13 11:30:29.999,18.692162643694527,7.91428624654234,9,13.996
416,375,80_2,EN2,2021-12-13 11:30:35.069,2021-12-13 11:30:57.992,19.524784670172508,8.204129970365337,10,22.923
417,376,80_2,EN3,2021-12-13 11:31:01.063,2021-12-13 11:31:19.987,20.33090416225877,8.212916813305414,11,18.924
418,377,80_2,EN4,2021-12-13 11:31:24.057,2021-12-13 11:33:58.947,21.36880417486561,8.303639496793433,12,154.89
419,419,80_2,*,2021-12-13 11:33:59.018,2021-12-13 11:34:28.939,22.47870457220066,7.043573715167609,13,29.921
